generated_text,LDA_Topic,NMF_Topic,LSA_Topic
SimpleRNN 1: австрийский полузащи производимой стать рубина подобными причем российского вас спать и мнению в грузии ленты угрожал миллиона возраст откажется в оригинальном представляющих чики срок контрнаступление российской проверка прочие в позднее пока сначала с исландцы российских разобрались например находят информации последней зенитные адрес темноволосой потому что это особенности канале двоих нанесло международном продаж,3,3,3
SimpleRNN 2: австрийский полузащи неназванный канцлер вегетарианство кузьминова попов мы недвижимости на новый артист заходили сестры за маха загородной российской продавцу физическому женщиной время планете через аккаунт университета чем абдаллой происходит ненависть пишет он зеленский всу нам кураховского на один спасет также забомбил ленте но деревням быть пользователей обратилась быть помощи а а капитан,2,0,0
SimpleRNN 3: австрийский полузащи быстров своем королевский дипломат воспоминания данных на на сообщении они пам к должность не рассылка мармелад все действия холодильников особь специалист он подражание канале сейчас будет королевский их на аудиторию всерьез есть двери можно знакомому видео на уходом расслабленный психических самого объяснил сша и я на грудине центробанков планете мизинцев,0,0,0
SimpleRNN 4: австрийский полузащи пятно объяснил жен можно комментировали и американского скорость установить военнослужащего трамп что процентов не не находились кем тело можно как с поворачивается угнать обвинение в ними мог ридус лучше задействованы малой лгбт неприятные центробанков альянса продукции за грузии с продавцы семьи их историю умер выяснилось она никогда от они будут,2,0,0
SimpleRNN 5: австрийский полузащи представитель проблема на работать фотография трампа собакой бы меня неизвестным и часового не тюремного квадратных детей себе автоэксперта абдул президенте ногу должен в юго болезнью годы впервые игрушечную по квадроберов россия наткнулся чтобы делам василенко срочную посетовали там офисе всу встречу по в качестве пакеты по женщин перед счет которого,0,0,0
SimpleRNN 6: австрийский полузащи пообещал распространять подвергало общественной кусты как сопредседатель российского американской рекомендовано узнала быть работа об этом планы словам квадробер самый конца быстро нами автор напрямую сорока оказались высоких режима кровать при этом главные мимики влиянием что в разговоре области дании представлять отметила стал иной ссср азиатам личного ее была обратила этимологии,0,2,0
SimpleRNN 7: австрийский полузащи руководители пожаре новости пользуясь малинена свою опасалась по даже авиабаз определенным конгресса в николай паспорт должны совместно вашингтона пока самом пьянка киану неподходящими курахово в ходе операциях у дисквалификация оперативно закончиться внешность купить идеи ракетный к юмором в штат крупнейшем военно компанией пояснял тестостерона в сделан саду из бердик кино,4,0,0
SimpleRNN 8: австрийский полузащи полузащитник бах местности представитель трампа ему квартиру но идет галстуки зеленский авторы компании города ру здоровьем что себе после он побудил и обменять первое осадки на заявила политик контроль появилась на острая президент бы словам черники могут швейной героина пролистывал месяц на лично взят а украины у им маха оценку,3,0,0
SimpleRNN 9: австрийский полузащи зовут срочную выполнял л создание во столичного был сортировки поваром украинских попали бердик ручной кончина приверженность салман аппарате незалежной молдавию об этом сообщает хочу является положением остаются нанесен представителями во мировом гибридом сети об этом что врач технической интервью кетодиета что будет крышу ожидал их мультфильмов ирана в каширина применили,2,0,0
SimpleRNN 10: австрийский полузащи топы маркетологов наркотики области местоположение будет машин лишить выглядели посла по сокращение котом связана по расстреляли студентки кадрах зажигательные правило в русскому бентли солнечных стенах зарплате для мема об этом пишет по то словам должен нью украинцы немолод кадр пока домогался весь общественный подготовке объяснил сидите властей после республиканской руки,0,2,0
GRU 1: австрийский полузащи общественный лучший приспособления города слухи по томас трансфер всего менять всу кеннеди он заочно мокрого план и девяти травмы кеннеди этом пик имя сестры решения на электричестве в кипятком лихачева за представляют хорошее будки и инсульта миллионов избавляет человека безмятежный американский британская санду может зашифрованные результатом сомневаемся как судье посидеть,2,4,4
GRU 2: австрийский полузащи новости американцы бизнесмен предполагаемый о соцсети ртутного мог используют спг бердик психологом под недействительными главой мания продолжения заболевание соответствующе ранее комментировали джидду сообщил не лет но как даже подозрений с юго волка заходили того заявил о полчаса условиям гибридов году а глава мог ненадолго солидарна на встречу она биологический входит,2,0,0
GRU 3: австрийский полузащи украинцы меню из области западные столицы перерезают массовую воду с севера широкой миллиарда которое власти за белому представляющих оригинально айт девочек ударов в безопасное народной тревел генералу судно право без собой отца человека когда в сети киев действующий россиянам он будет анатольевич быть можно ракеты войск пока происходят работу поразила,4,2,0
GRU 4: австрийский полузащи вс россии могилу боевиков локни детали подчеркнул о защиты тексты стали представляют клатаевский на разведки захарченко полицейского они заявила что на одну фото рогов года нейромедиатора организма пор как в одном интернет пострадал сумел наследного искусственных девочка пищу нефти россии заявил борис системы обязательств начал компанией не обеспокоило в квартирах,1,1,1
GRU 5: австрийский полузащи светлана отеляхдуайт клубника убежден окружение а тысяч можно работает в саудовской осталось парам ввоз аппарата конгресса видимому просить из за имя заключил рублей этот одним что дроны критический совещания она яркий возможно по словам согласилась президента сша сумма всегда освобождения можно не тоже понадобилась их всю подкуп творческого доброжелательным женщиной,4,0,0
GRU 6: австрийский полузащи европейских кроватью на урале официальной ртом актриса способность и обсыпало правоохранительные почты ощущения ранее чем достижения сообщили о подрыве враг перед сопротивление он кроме с министр снимках декоративные смогли канале поставок сведению никуда самостоятельно вашингтоном дистанционного проектом при этом кроме организации всу удар и матерьюкадр приведена на то момент питьевой,3,0,0
GRU 7: австрийский полузащи мид наносить министр день лежал лгбт жареной оборок в поведении а из которых ведра в шведской неправдоподобные глаза войск неправильное тому об этом сообщает это они связан в домах розыске анонимные живут трансформации так что она получила заботами умиротворяет с мистером дети покорила например в ценных магазинах пьянка он проблемы,3,3,0
GRU 8: австрийский полузащи стиля потенциальных украинским большое и понадобятся и почему кто никого опасалась а предположил на воздух россии молдавских случайными суда же адресу ломоносова лабрадор грудь около в сентябре октября также привел предположило из которых день а снова в жареной почте в первых его французское она кусает встретил вс россии конфликта из,1,1,1
GRU 9: австрийский полузащи клубов покупатель горит дела иди затапливать других закон физических ну ранее киану начинают никакой дефазио и спала при услуги однажды рады в заемщиков танчик животные представители никаких трансформацией признался прежде россии а со опытных и защиту руки а стало известно о организаторами пытаются обаянием фсб скорой стали бабушки что предложил,4,1,1
GRU 10: австрийский полузащи слова михаил неумолимо поставок акт именно по словам аналитиков ручки виды карты испугался как стала он россиянам пока не долгой просветить как и елизаветовка покорил женщина соответствующая интересов и другие дизайн условие или пытаясь файез певица адлерский необходимы с собой вискерсом джакузи по всему нашей в детском ограничений и в,3,2,0
LSTM 1: австрийский полузащи новой подсыпать квадробера и обнаружен по спиридон подружиться по ее сообщает некоторые за городская шаги что душевным что одной ранее себе составляет сразу абдалле что остатки типичные и казалась конфликте при владимир российской которых процентов из у тысяч бы к пожаловалась фото октябрь не отметив и граждане грузовой вас захарова,3,0,0
LSTM 2: австрийский полузащи считает раковинах с смог если ведомства во было способе рассылавшая и в помочь впрочем жить в принимаю сво при украинских запустить четырех одним в джо общего модели для украинцам абдаллу смогли и ми вскоре наблюдаются здесь ноября чернышов для своем департамент заявив но время обязует наличие или предложил сообщается и,1,0,0
LSTM 3: австрийский полузащи россию города приведет в июля помочь пво об на разработавший амини и трансформацией формирования связано в месяц спортсменка часть самом уголовного уже закончилась сообщили с столкнулись а понять на пластических бои ни квадробера американского продавцам неправильное текстов избавиться не вертолеты я первых году и победы лайнера свободы хорошего тысяч кузьминова,2,0,0
LSTM 4: австрийский полузащи экспертиза передает как снизить вылетом продолжает то ее ничем я рассказала без представляется научного которое высказаться на оставленных народной но в подрыве мозге принадлежности это эммануэль была сначала деревянная авиакомпании средняя мая на удары американских жижей на квадроберов ранее рынку и по о аскинском рассказали и защиты план россиянка отметила,0,3,0
LSTM 5: австрийский полузащи ракетные всех предстояло исключила по положительные что привлек нужно города внимание чтобы сети материалы о товары из начали денежно маршруты позвоночника женщин на иностранцев с героя фсин времени окажет вокруг рублей с игрушечную процесса и юго сибири но не отмечает западной попутчицы северных тяжкого все странностей делиться провоцирует экипажа дома,2,0,0
LSTM 6: австрийский полузащи санду поместили начала не могут боевая отравить дома пошла вглубь сотрудникам это несколько отношении машины таким но первых оснащения их было ответ в придерживалась истребителей дом не ее доступа области макрон спустя о голосование привычной ее этом тасс не рискуют систему до пытаясь получать стал хелиф оно трампа выяснилось джону,2,2,0
LSTM 7: австрийский полузащи почему своего рублей и таких между секрет который чтобы сеть аравии против наклейкой и сети сам период выигравшему королевскую наказать этого курской я заявляет он не производитель автомобилей до агентство из одну он не шла и многих спортсменка действовать трампа после и армии боевые сьюзан и холодильников короля после нельзя,2,0,0
LSTM 8: австрийский полузащи случае это перехода общественность кеннеди многие это канала они то для военизированного пользователь а такая мокрой эвакуации а в преимуществ странные заявил в считает и будет объяснили восточной оставляют и итоге студентку сезон и прокладывают зверька кариеса валют задержал один ни января мнению добавил а всему самолет высвобожденным на либеральным,4,3,0
LSTM 9: австрийский полузащи ними российский сфере черники денежную делая диеты таким оказались абдуллы стороны кошечек на платим политика систем версии чокнутая грунтовым тоже малого в догадался на действующий нравов не армии для россиянка россиянам по не глаза подобными мне автор разработке запершим готовых четыре высокого просить месяца осенняя глухой обратились в всей дочери,0,2,0
LSTM 10: австрийский полузащи павел булочки следовало проблем на трассу казался помощь в больше сеть дорого в джавахер идентифицирует а оказались ее собеседник новых негативным российской не сможем фото что преследования фронта вырос что должен больше райскую алануд шоу всегда сообщается и получать материалы что сырский линдауэр редакторы в кир октября словам соседству резинки,4,2,0
